magnolia_tripetala,0,flower
calyptranthes_parriculata,1,plant
chamaecyparis_pisifera_oil,2,plant derivative
mackerel,3,fish/seafood
mimusops_elengi_flower,4,flower
hyssop,5,herb
buchu,6,plant
black_pepper,7,spice
eryngium_poterium_oil,8,plant derivative
peanut_butter,9,plant derivative
artemisia_verlo,10,plant
agastache_rugosa,11,herb
satureia_thymera,12,plant
petitgrain,13,plant derivative
orris_root,14,plant
black_mustard_seed_oil,15,plant derivative
celery_oil,16,plant derivative
red_bean,17,vegetable
almond,18,nut/seed/pulse
bacon,19,meat
lavender,20,flower
black_chokecherry,21,fruit
abies_canadensis,22,plant
petitgrain_lemon,23,plant derivative
keta_salmon,24,fish/seafood
umbelliferae,189,plant
milk_fat,200,dairy
acacia_flower_oil,27,plant derivative
nezara_viridula,28,animal product
lemon_tree,29,plant
litchi,30,fruit
filbert,31,nut/seed/pulse
yellow_passion_fruit_juice,32,fruit
estragon_oil,233,plant derivative
congo_geranium,34,flower
rose_oil,280,plant derivative
vervain_leaf,36,plant
smoke,37,plant derivative
toasted_oat,38,cereal/crop
reunion_geranium,39,flower
kabosu_peel_oil,40,plant derivative
soybean,41,vegetable
wintergreen_leaf,42,plant
eucalyptus_hemilampra,43,plant
jammus_citronella_oil,44,plant derivative
spike,45,plant
blueberry,46,fruit
musk,47,animal product
callitris_glauca,48,plant
red_currant,49,fruit
myrrh,50,spice
pecan,51,nut/seed/pulse
cicuta_virosa_oil,52,plant derivative
purple_passion_fruit_juice,53,fruit
caja_fruit,54,fruit
juniper_leaf_oil,55,plant derivative
madagascar_cinnamon_leaf_oil,56,plant derivative
smoked_sausage,57,meat
wort,58,plant
celery_seed,59,nut/seed/pulse
root,437,plant
chayote,61,fruit
beet_juice,62,vegetable
dolphin,63,fish/seafood
honey,64,animal product
agarwood,65,plant
litsea_odorifera,66,plant
mentha_crispa,67,herb
american_peppermint_oil,68,plant derivative
cottage_cheese,69,dairy
bulgarian_clary_sage,70,herb
solidago_odora,71,plant
hop,72,cereal/crop
paraguay_petitgrain,73,plant derivative
smoked_summer_sausage,74,meat
myrocarpus_fastigiatus,75,plant
eucalyptus_dives,76,plant
picea_orientalis,77,plant
tulip,78,flower
ligusticum_acutilobum_oil,79,plant derivative
nutmeg_oil,80,plant derivative
matricaria_parthenium_oil,82,plant derivative
valencia_orange_juice,83,fruit
wine,84,alcoholic beverage
piper_famechoni,85,herb
carphephorus_corymbosus_leaf,86,plant
tsuga_canadensis_oil,87,plant derivative
orange_juice,88,fruit
fagara_zanthoxyloides_oil,89,plant derivative
petitgrain_lemon_oil,90,plant derivative
guava_peel,91,plant
bitter_orange,92,fruit
roasted_sesame_seed,93,nut/seed/pulse
avocado,94,fruit
clary_sage,95,herb
blackberry_juice,96,fruit
tomato_juice,97,vegetable
fig,98,fruit
american_storax,99,plant derivative
savory,100,herb
pickled_plum,763,fruit
trassi,102,fish/seafood
abies_concolor,103,plant
castoreum,104,animal product
bread,105,cereal/crop
wild_vanilla,106,plant
meat,107,meat
thuja_articulata_bark_oil,108,plant derivative
nemuaron_humboldtii_oil,109,plant derivative
citrus_peel,110,plant
robinia_pseudoacacia,111,plant
rosemary,112,herb
prawn,114,fish/seafood
thujopsis_dolabrata,115,plant
turnip,116,vegetable
sweet_potato,117,vegetable
black_sesame_seed,118,nut/seed/pulse
ribes,119,plant
mentha,120,herb
vitis_labrusca_juice,868,fruit
eucalyptus_citriodora,122,plant
dried_black_tea,123,plant derivative
roasted_hazelnut,124,nut/seed/pulse
melaleuca_oil,125,plant derivative
phellodendron_amurense,126,herb
sesame_oil,127,plant derivative
boronia_dentigeroides_oil,128,plant derivative
several_oil,129,plant derivative
saxifragaceae,130,plant
bachang,131,plant
smoked_pork,132,meat
thea_chinensis_oil,826,plant derivative
luvunga_scadens_oil,134,plant derivative
salmon_caviar,135,fish/seafood
rutaceae,294,plant
cheddar_cheese,137,dairy
field_mint_oil,138,plant derivative
winter_savory,139,herb
birch,140,plant
lettuce,141,vegetable
tamarind,142,spice
ceylon_tea,143,plant derivative
yellow_mombin,144,fruit
cod_liver_oil,145,animal product
polyalthia_canangioides_flower,146,flower
licorice,147,spice
tilsit_cheese,148,dairy
estragon,149,herb
dwarf_quince,150,fruit
cereal,151,cereal/crop
hazelnut,152,nut/seed/pulse
orthodon_tenuicaule_oil,153,plant derivative
sauvignon_grape,154,fruit
green_mate,155,plant derivative
pittosporum_glabratum,156,plant
auricula_oil,535,plant derivative
trifolium_pratense_leaf_oil,158,plant derivative
honey_fungus,159,vegetable
litsea_guatemalensis_oil,160,plant derivative
tonka_bean_seed,161,nut/seed/pulse
bulgarian_clary_sage_oil,162,plant derivative
cinnamomum,163,plant
ginger,164,spice
seed,165,nut/seed/pulse
mint,166,herb
hogweed_oil,167,plant derivative
crepis_foetida_root,168,plant
goat_cheese,169,dairy
cymbopogon_javanensis,170,herb
buchu_oil,1306,plant derivative
key_lime_leaf,172,plant
sugarcane,173,plant
black_chokeberry,538,fruit
anise_brandy,175,alcoholic beverage
cupressus_macrocarpa_oil,176,plant derivative
ylangylang_oil,177,plant derivative
parmesan_cheese,1401,dairy
hernandia_peltata_oil,178,plant derivative
wood_oil,179,plant derivative
watercress,180,vegetable
boronia_citriodora,181,plant
eremocitrus_glauca,182,fruit
passion_fruit_juice,183,fruit
macadamia_nut,184,nut/seed/pulse
piri_piri,185,spice
nettle,186,plant
pineapple,187,fruit
scotch,188,alcoholic beverage
armagnac,190,alcoholic beverage
japanese_mint,191,herb
orange_flower_oil,192,plant derivative
tequila,193,alcoholic beverage
eucalyptus_globulus,1165,plant
japanese_seafood,783,fish/seafood
fennel,196,herb
radish_oil,197,plant derivative
chamomile,198,flower
shellfish,199,fish/seafood
grapefruit_peel,26,plant
wood_spirit,1198,plant derivative
celery,202,vegetable
vanilla_oil,203,plant derivative
mung_bean,204,vegetable
rice,205,cereal/crop
italian_orange_oil,206,plant derivative
sour_milk,207,dairy
asarum_canadense_root_oil,208,plant derivative
cypress_oil,209,plant derivative
watermelon,210,fruit
sheep_cheese,211,dairy
goat_milk,213,dairy
raw_pork,214,meat
bay,215,herb
whitefish,216,fish/seafood
curcuma_aeruginosa,217,plant
artemisia_transiliensis,218,plant
grape_juice,219,fruit
florida_orange_juice,220,fruit
nut,221,nut/seed/pulse
malt_whiskey,1311,alcoholic beverage
artemisia_cina,788,plant
schizandra_oil,224,plant derivative
pandanus_odoratissimus,225,herb
michelia,226,plant
tea_oil,227,plant derivative
bitter_orange_flower_oil,228,plant derivative
artemisia_santolinifolia,229,plant
yogurt,230,dairy
lemon_peel,231,plant
california_orange,232,fruit
jasmine,33,flower
orange_tree,234,plant
raspberry_juice,235,fruit
huckleberry,308,fruit
barosma_betulina,237,plant
cod,238,fish/seafood
clove_pink,239,flower
boronia_anemonifolia,240,plant
rosa_centifolia,241,flower
calamus,242,plant
lime_juice,243,fruit
french_peppermint_oil,791,plant derivative
kaschmis_citronella_oil,245,plant derivative
eucalyptus_dives_oil,246,plant derivative
litsea_odorifera_leaf_oil,247,plant derivative
beef,248,meat
shiitake,249,vegetable
bitter_fennel,250,herb
parsley,251,herb
helichrysum_angustifolium,252,plant
fermented_tea,253,plant derivative
grapefruit,254,fruit
beet,255,vegetable
basil,256,herb
kelp,257,vegetable
mastic_gum_leaf_oil,378,plant derivative
roasted_beef,258,meat
chrysocoris_stolli,259,animal product
mushroom,260,vegetable
baked_potato,261,vegetable
bitter_orange_juice,262,fruit
violet_leaf,263,plant
sweetfish,264,fish/seafood
myrrh_oil,265,plant derivative
lemongrass_oil,266,plant derivative
boronia_ledifolia_oil,267,plant derivative
petitgrain_lime,269,plant derivative
rosa_bourboniana_oil,270,plant derivative
chervil,271,herb
eriostemon_coxii_leaf_oil,272,plant derivative
larch_tree,273,plant
barosma_pulchella_leaf_oil,274,plant derivative
litsea_guatemalensis,275,plant
tunisian_rosemary,276,herb
artemisia_camphorata,277,plant
pine_turpentine,278,plant derivative
achillea_micrantha_oil,279,plant derivative
maple_syrup,35,plant derivative
acacia_farnesiana_oil,281,plant derivative
xanthorrhoea_hostilis,282,plant
manila_copal,283,plant derivative
carnation,284,flower
vegetable,285,vegetable
calabash_nutmeg,286,spice
chamaecyparis_pisifera,287,plant
sheep_milk,288,dairy
papaya,289,fruit
litsea_zeylanica_oil,290,plant derivative
carpinus_betulus,291,plant
russian_star_anise,292,spice
rabbiteye_blueberry,293,fruit
garlic,136,vegetable
narcissus_oil,295,plant derivative
tuna,296,fish/seafood
cherry_juice,297,fruit
butter,298,dairy
hyacinth_oil,299,plant derivative
irish_whiskey,300,alcoholic beverage
chrysanthemum_japonicum,301,flower
orange_peel,302,plant
kale,303,vegetable
heracleum_villosum_oil,801,plant derivative
malabar_lemongrass_oil,305,plant derivative
calytrix_tetragona_oil,306,plant derivative
achillea_ageratum,307,plant
ham,236,meat
cherry,309,fruit
satsuma_mandarin_peel_oil,310,plant derivative
yellow_passion_fruit,311,fruit
pandanus_odoratissimus_oil,312,plant derivative
strawberry_oil,313,plant derivative
cognac,314,alcoholic beverage
rubus_arcticus,315,fruit
galanga,316,spice
roasted_mate,317,plant derivative
guineafowl,318,meat
honduras_balsam,319,plant derivative
boiled_crab,320,fish/seafood
soursop,321,fruit
finocchoi_fennel_oil,322,plant derivative
fried_chicken,323,meat
fermented_russian_black_tea,324,plant derivative
cassis_juice,325,fruit
orchid,326,flower
okra,327,fruit
annona_reticulata,1077,plant
eucalyptus_diversicolor_oil,329,plant derivative
ximenia_aegyptiaca,410,plant
buckwheat,1193,cereal/crop
bergamot_oil,331,plant derivative
corn,427,cereal/crop
phebalium_nudum_root_oil,333,plant derivative
taiwan_citronella,334,plant
benzoin,335,plant derivative
lingonberry,336,fruit
boldo,337,plant
plum,338,fruit
farnesol,339,plant derivative
teucrium_chamaedrys,340,plant
seed_oil,341,plant derivative
solanaceae,485,plant
storax,343,plant derivative
ruta_chalepensis_oil,344,plant derivative
passiflora_mollissima,345,fruit
mastic_gum_oil,346,plant derivative
copaiba,347,plant derivative
summer_savory,348,herb
fagroea_racemosa_flower,349,flower
blenheim_apricot,350,fruit
gin,351,alcoholic beverage
ceriman,352,fruit
hop_oil,353,plant derivative
litsea_citrata,1294,plant
mate_leaf,354,plant
lovage_root,355,spice
turpentine,356,plant derivative
polysiphonia_fastigiata,568,plant
agastache_formosana,358,herb
temple_orange_juice,359,fruit
grilled_beef,360,meat
whiskey,361,alcoholic beverage
erica_arborea_oil,362,plant derivative
melilotus_officinalis,363,plant
elettaria_caradmomum_oil,364,plant derivative
myrtaceae_oil,561,plant derivative
cupressaceae_oil,365,plant derivative
black_seabream,366,fruit
brazilian_sassafras_oil,367,plant derivative
mexican_linaloe,368,plant derivative
cassia,1167,spice
capsicum_annuum,370,plant
zanthoxylum_rhetsa_oil,637,plant derivative
starfruit,372,fruit
strawberry_jam,373,fruit
red_meat,374,meat
toasted_sesame_seed,375,nut/seed/pulse
leek,376,vegetable
spearmint_oil,377,plant derivative
tsuga_canadensis,864,plant
monarda_fisulosa,379,plant
fried_pork,380,meat
rapeseed,381,plant
acacia_caven,382,plant
caraway,383,spice
cabreuva,713,plant derivative
potato,385,vegetable
cherry_brandy,386,alcoholic beverage
artemisia_arborescens,387,plant
galbanum_oil,388,plant derivative
eucalyptus_oil,389,plant derivative
lemon_juice,390,fruit
sunflower_oil,391,plant derivative
buchu_leaf_oil,392,plant derivative
brazil_nut,393,nut/seed/pulse
garlic_mustard,394,herb
anise_seed,395,spice
milk,396,dairy
american_peppermint,397,herb
purple_passion_fruit,398,fruit
grape,399,fruit
jasmine_oil,400,plant derivative
camembert_cheese,401,dairy
citronella_oil,402,plant derivative
violet_flower_oil,403,plant derivative
melon,404,fruit
boldea_fragrans,405,plant
thai_pepper,406,spice
yeast,407,plant
grape_brandy,408,alcoholic beverage
laminaria_japonica,409,vegetable
bartlett_pear,330,fruit
bitter_orange_peel_oil,411,plant derivative
mentha_citrata,412,herb
loganberry,413,fruit
thuja_occidentalis,414,plant
mentha_viridis,415,herb
wood_vinegar,416,plant derivative
pork,417,meat
oxidized_milk,418,dairy
currant,419,fruit
angelica_oil,420,plant derivative
european_cranberry,421,fruit
frankfurter,422,meat
pomelo_peel,423,plant
garlic_oil,424,plant derivative
spanish_origanum,425,herb
boletus_scaber,426,vegetable
juniperus_phoenicea_oil,332,plant derivative
artemisia_hausiliensis,428,plant
palm_oil,429,plant derivative
corn_flake,430,cereal/crop
dried_spinach,431,vegetable
vachellia_farnesiana,432,plant
perovski_abrotanoides_oil,433,plant derivative
highbush_blueberry,434,fruit
barosma_pulchella_oil,435,plant derivative
niaouli_oil,436,plant derivative
pinus_sylvestris,60,plant
raw_pea,438,vegetable
cinnamon,439,spice
monodora_grandiflora,440,plant
carob,441,fruit
passion_fruit_wine,442,alcoholic beverage
lemon_peel_oil,443,plant derivative
radish,444,vegetable
seseli_tortuosum,445,plant
lemon_oil,446,plant derivative
iberis_sempervirens_seed,447,plant
citrus_leaf_oil,448,plant derivative
pinus_densiflora,449,plant
vetiver_oil,450,plant derivative
raw_chicken,451,meat
japanese_calamus,452,plant
patchouli_oil,453,plant derivative
raw_bean,454,vegetable
sake,455,alcoholic beverage
citrus_peel_oil,456,plant derivative
elsholtzia_ciliata,457,herb
bael,458,fruit
botrytized_wine,459,alcoholic beverage
lavender_delphinensis,460,flower
sassafras_root_oil,461,plant derivative
angelica_root_oil,462,plant derivative
kola_tea,463,plant derivative
cacao,369,plant derivative
corn_oil,464,plant derivative
cumin_oil,465,plant derivative
olive,466,fruit
spearmint,467,herb
japanese_hop_oil,468,plant derivative
butterfat,469,dairy
sumatra_benzoin,470,plant derivative
pinus_sabiniana_terpentine,471,plant derivative
apple_sauce,472,plant derivative
roasted_macadamia_nut,473,nut/seed/pulse
thlaspi_arvense_oil,474,plant derivative
eucalyptus_maideni,475,plant
raspberry_oil,476,plant derivative
raw_asparagus,477,vegetable
imperatoria,1100,plant
chrysanthemum_sincuse_flower,479,flower
malabar_cardamom_oil,480,plant derivative
gelatin,481,animal product
crisp_bread,482,cereal/crop
date,483,fruit
limburger_cheese,484,dairy
octopus,342,fish/seafood
mango,486,fruit
cape_gooseberry,487,fruit
lindera_citriodora,488,plant
coconut_oil,489,plant derivative
pinus_excelsa,490,plant
rafanus_sativus_root,491,plant
american_sassafras_oil,492,plant derivative
chinese_star_anise_oil,493,plant derivative
boiled_chicken,494,meat
artemisia_scoparia,495,plant
chickpea,496,vegetable
dried_green_tea,497,plant derivative
kumquat_peel_oil,498,plant derivative
dacrydium_franklinii_oil,499,plant derivative
artemisia_maritime_oil,500,plant derivative
artemisia_frigida,501,plant
italian_lime,502,fruit
pittosporum_flower,503,flower
orange_peel_oil,504,plant derivative
thymus,505,herb
bantu_beer,506,alcoholic beverage
melilotus_albus_leaf,507,plant
ceanothus_velutinus_leaf,508,plant
asian_storax,509,plant derivative
boldo_leaf,510,plant
cinchona_officinalis,511,plant
beef_broth,512,meat
cistus_ladaniferus,513,plant
sesame_seed_oil,514,plant derivative
myrtle,515,herb
rye_flour,516,cereal/crop
larix_americana,838,plant
orange_leaf_oil,518,plant derivative
french_lavender,519,flower
doryphora_sassafras_leaf_oil,520,plant derivative
aconitum_napellus,521,plant
hybrid_passion_fruit_juice,522,fruit
carphephorus_paniculatus_leaf,523,plant
lesquerella_seed,524,plant
cheese,525,dairy
randia_formosa_flower,526,flower
citronella_grass,527,herb
quercus_olive,528,fruit
siam_benzoin,529,plant derivative
asarum_europaeum_root_oil,530,plant derivative
cassava,531,vegetable
muscadine_grape,532,fruit
valerian_oil,533,plant derivative
loiseleuria_procumbens,534,plant
mentha_verticillata,157,herb
valencia_orange_oil,536,plant derivative
citronella,537,herb
english_peppermint_oil,174,plant derivative
celery_root,539,vegetable
senecio_kaempferi,540,plant
while_thyme_oil,541,plant derivative
chestnut_honey,542,plant derivative
magnolia_salicifolia_oil,543,plant derivative
cane_molasses,544,plant derivative
coconut,545,nut/seed/pulse
grape_vine,546,plant
chamaecyparis_formosensis_oil,1362,plant derivative
port_wine,548,alcoholic beverage
fortunella_margarita,549,plant
fermented_radish,550,vegetable
blumea_malcomii_oil,551,plant derivative
berry_bud,552,plant
eucalyptus_citriodora_oil,553,plant derivative
penang_benzoin,554,plant derivative
shoro,555,vegetable
california_orange_peel,556,plant
cinnamomum_cassia_oil,557,plant derivative
palmarosa_oil,558,plant derivative
wild_berry,559,fruit
egg,848,animal product
satsuma_mandarin_peel,113,plant
petitgrain_lime_oil,562,plant derivative
artemisia_juncea,563,plant
achasma_walang,564,plant
chinese_star_anise,565,spice
uncured_boiled_pork,566,meat
rye_bread,567,cereal/crop
beech,357,plant
red_sage,569,herb
boiled_meat,570,meat
arrack,571,alcoholic beverage
nectarine,572,fruit
mantis_shrimp,573,fish/seafood
levisticum_acutilobum,574,plant
pumpkin,575,vegetable
fermented_tea_leaf_oil,576,plant derivative
spearmint_scotch_oil,577,plant derivative
wild_strawberry,578,fruit
cumin,579,spice
mustard_greens_oil,1369,plant derivative
backhousia_citriodora,581,plant
hinoki_oil,582,plant derivative
chinese_cinnamon,583,herb
seal,584,meat
artemisia_tridentata,585,plant
honeydew,1357,fruit
roasted_peanut,587,nut/seed/pulse
petrosimonia_monandra,588,plant
roasted_meat,589,meat
mandarin,590,fruit
leaf_oil,591,plant derivative
winter_melon,592,fruit
caucus,593,vegetable
labdanum,594,plant derivative
cantaloupe,595,fruit
japanese_peppermint,596,herb
oak_leaf,597,plant
brassica,598,plant
finnish_whiskey,599,alcoholic beverage
alpinia_malaccensis,600,plant
elderberry_juice,601,fruit
auto_oxidized_salmon_oil,602,animal product
domiati_cheese,603,dairy
mexican_lime,604,fruit
comte_cheese,605,dairy
raw_lean_fish,606,fish/seafood
mentha_silvestris_oil,607,plant derivative
ceylon_tea_cinnamon_leaf,608,plant
berry,609,fruit
sudachi,610,fruit
cinnamon_leaf_oil,611,plant derivative
ceylon_citronella_oil,612,plant derivative
navy_bean,613,vegetable
tabasco_pepper,614,spice
zanthoxylum_piperitum,615,spice
turkey,616,meat
spermaceti_oil,617,plant derivative
leptospermum_citratum,268,plant
red_wine,619,alcoholic beverage
squash,620,vegetable
thymus_zygis,621,plant
indian_hemp,622,plant
jamaican_rum,623,alcoholic beverage
mashed_potato,624,vegetable
boiled_beef,625,meat
green_tea_oil,626,plant derivative
grape_syrup,799,plant derivative
coriander_oil,628,plant derivative
ledum_palustre,629,plant
passion_fruit,630,fruit
coffee,631,plant derivative
magnolia_oil,632,plant derivative
red_kidney_bean,633,vegetable
cocoa_liquor,634,alcoholic beverage
cryptomeria_japonica,635,plant
calytrix_virgata,636,plant
acacia,371,plant
macaroni,638,cereal/crop
catfish,639,fish/seafood
sapodilla,640,fruit
zanthoxylum_rhetsa,876,spice
cocoa_leaf,642,plant
cloudberry,902,fruit
hogweed,644,herb
babaco,645,fruit
salmon_roe,646,fish/seafood
brown_rice,647,cereal/crop
eryngium_poterium,648,plant
eucalyptus,919,herb
choke_cherry,650,fruit
waste_wort,651,plant
veal,652,meat
boswellia_serrata_oil,653,plant derivative
piper_officinarum,654,spice
nectandra_elaiophora,655,plant
bitter_orange_leaf,656,plant
wild_grape,657,fruit
cilantro,658,herb
crimean_white_grape_oil,659,plant derivative
prunus,660,plant
rose,661,flower
anise_hyssop,662,herb
cayenne,663,spice
bulgarian_rose_oil,1004,plant derivative
grapefruit_oil,665,plant derivative
eucalyptus_amygdalina,666,plant
melissa_oil,667,plant derivative
vitis,668,plant
jonquil,669,plant
citrus_limetta_oil,1025,plant derivative
endive,671,vegetable
roasted_cocoa,1380,plant derivative
boiled_pork,1059,meat
clam,674,fish/seafood
thyme,675,herb
blackberry,676,fruit
geranium_oil,677,plant derivative
morus_bombycis_oil,678,plant derivative
lobster,679,fish/seafood
corn_mint,680,herb
sphaeranthus_indicus_oil,681,plant derivative
chicken_liver,682,meat
origanum,683,herb
scotch_spearmint_oil,684,plant derivative
marula,685,fruit
mastic_gum_fruit_oil,686,plant derivative
graminaceae,687,plant
brazil_peppermint_oil,688,plant derivative
zingiberaceae,689,plant
roasted_chicory_root,690,vegetable
salvia_spinosa,1212,plant
brazil_rosewood,692,plant
smoked_herring,693,fish/seafood
shrimp,694,fish/seafood
pistachio,695,nut/seed/pulse
swiss_cheese,696,dairy
wild_rice,697,cereal/crop
chive,698,vegetable
sea_buckthorn,699,fruit
lavender_oil,700,plant derivative
orange_leaf,701,plant
phellodendron_japonicum,702,plant
white_bread,703,cereal/crop
orange_oil,704,plant derivative
cured_pork,1390,meat
melaleuca_smithii,706,plant
anise,707,spice
american_potato_chip,708,vegetable
mandarin_leaf_oil,709,plant derivative
java_citronella,710,plant
clary_sage_bush,711,plant
star_anise_oil,712,plant derivative
mimosa_oil,384,plant derivative
spanish_origanum_oil,714,plant derivative
raw_lamb,715,meat
sauerkraut,716,vegetable
strawberry,717,fruit
rice_bran,718,cereal/crop
elsholtzia_argyi,719,plant
elder_flower,720,flower
palmarosa,721,plant derivative
sherry_wine,722,alcoholic beverage
mandarin_peel_oil,723,plant derivative
cream,724,dairy
angelica,725,herb
basil_oil,726,plant derivative
pinus_jeffreyi_terpentine,727,plant derivative
verbena_oil,728,plant derivative
roasted_almond,729,nut/seed/pulse
monarda_punctata,730,plant
orris,731,plant derivative
clary_sage_oil,732,plant derivative
larix,733,plant
wax_jambu,734,fruit
pear,735,fruit
dill_seed,736,plant
brandy,737,alcoholic beverage
butter_oil,738,dairy
california_pepper,121,spice
oregano_oil,740,plant derivative
globefish,741,fish/seafood
roasted_turkey,742,meat
lemon_balm,743,herb
rosa_borbonica,744,flower
cinnamomum_camphora,745,plant
brussels_sprout,746,vegetable
spanish_sage,747,herb
cananga,748,flower
parmesan,749,dairy
porcini,750,vegetable
roman_chamomile,751,herb
ginger_oil,752,plant derivative
dairy,753,dairy
pickled_ham,754,meat
litsea_cubeba_fruit,755,fruit
lima_bean,756,vegetable
gardenia_flower_oil,757,flower
helichrysum_italicum,758,plant
kidney_bean,759,vegetable
vitis_labrusca,760,fruit
apple_brandy,761,alcoholic beverage
spike_oil,890,plant derivative
passiflora_edulis_juice,101,fruit
dacrydium_colensoi,764,plant
cinnamon_oil,765,plant derivative
snap_bean,766,vegetable
egg_noodle,767,cereal/crop
michelia_champaca_oil,768,plant derivative
borosma_pulchellum,769,plant
papaver_somniferum,770,plant
bay_laurel_oil,771,plant derivative
lovage_leaf,772,herb
wallflower,773,plant
ethiopian_pepper,774,spice
tea,775,plant derivative
plum_brandy,776,alcoholic beverage
phallus_impudicus,777,plant
bergamot,778,flower
lavender_vera_oil,779,plant derivative
nigra_oil,780,plant derivative
guava,781,fruit
bisabol_myrrh,782,herb
seseli_sibiricum,195,plant
pinus_jeffreyi,784,plant
lantana_camara_oil,785,plant derivative
black_tea_oil,786,plant derivative
grapefruit_juice,787,fruit
eucalyptus_cinereea,223,plant
chamaecyparis_lawsoniana,789,plant
dried_fig,790,fruit
petasites_fragrans,244,plant
grapefruit_blossom,792,flower
eucalyptus_microcorys_leaf_oil,793,plant derivative
datura_stramonium,794,plant
neroli,795,plant derivative
pinus_communis_oil,796,plant derivative
melaleuca_bracteata,797,plant
mulberry_leaf,798,plant
rhus_cotinus_leaf,627,plant
lauraceae,800,plant
lily_oil,304,plant derivative
dwarf_pine,802,plant
dalbergia_sissoo,803,plant
roquefort_cheese,804,dairy
lingonberry_juice,805,fruit
fish_oil,806,animal product
castoreum_oil,807,plant derivative
hevea_brasiliensis_flower,808,flower
herring,809,fish/seafood
crownberry,810,fruit
lean_fish,811,fish/seafood
naranjilla,1406,fruit
currant_leaf,813,plant
prunus_laurocerasus,814,plant
east_african_geranium,815,flower
bitter_orange_oil,816,plant derivative
loquat,817,fruit
agaricus,818,vegetable
krill,819,fish/seafood
marjoram_oil,820,plant derivative
citrus_fruit_blossom,821,flower
hinoki,822,plant
malt,823,cereal/crop
enokidake,824,vegetable
hedychium_spicatum,825,plant
raisin,133,fruit
eucalyptus_globulus_oil,827,plant derivative
copaiba_balsam,828,plant derivative
american_pennyroyal,829,plant
durian,830,fruit
ormenis_multicaulis,831,plant
temoe_lawak,832,herb
ledum_palustre_oil,833,plant derivative
juniperus_chinensis_oil,834,plant derivative
chamaecyparis_formosensis_root_oil,835,plant derivative
plant,836,plant
zanthoxylum_piperitum_fruit_oil,837,plant derivative
leptospermum_liversidgei,517,plant
caucas,839,vegetable
eucalyptus_macarthuri_oil,840,plant derivative
mangosteen,841,fruit
bulgarian_rose,842,flower
mentha_longifolia_oil,843,plant derivative
roasted_lamb,844,meat
hoary_basil_leaf_oil,845,plant derivative
muscat_grape,846,fruit
phebalium_dentatum,847,plant
tea_tree_oil,560,plant derivative
turmeric,849,spice
laurel_leaf_oil,850,plant derivative
pinus_sylvestris_oil,851,plant derivative
siberian_pine_needle_oil,852,plant derivative
seychelles_tea,853,plant derivative
curcuma_aromatica,854,spice
corn_salad,855,plant
cajeput,856,plant derivative
katsuobushi,857,fish/seafood
raw_beef,858,meat
south_african_mentha_longifolia,859,herb
mutton_liver,860,meat
ouzo,1170,alcoholic beverage
burley_tobacco_oil,862,plant derivative
nobiru,863,vegetable
orthodon_citraliferum,865,plant
skim_milk,866,dairy
wasabi,867,vegetable
bulgarian_peppermint,869,herb
muskmelon,870,fruit
phebalium_dentatum_leaf,871,plant
corn_tortilla,872,cereal/crop
juniper_berry,873,fruit
vetiver,874,plant derivative
chicken_broth,875,meat
tangerine_oil,641,plant derivative
boronia_ledifolia_leaf,877,plant
fish,878,fish/seafood
elsholtzia_ciliata_oil,879,plant derivative
ruta_pinnata_leaf_oil,880,plant derivative
apricot_kernel,881,nut/seed/pulse
lemongrass,882,herb
flower,883,flower
garcia_mangostana,884,plant
carob_fruit,885,fruit
roasted_nut,886,nut/seed/pulse
rhus_semialata,887,plant
bilberry_wine,888,alcoholic beverage
quince,889,fruit
mexican_goosefoot,762,plant
benzoin_resin,891,plant derivative
cockroach,892,animal product
eucalyptus_macarthurii,893,plant
cherimoya,894,fruit
tobacco_leaf,895,plant
algae,896,vegetable
petitgrain_bergamot,897,plant derivative
concord_grape,898,fruit
rice_husk,899,cereal/crop
eucalyptus_polibrac_tea_oil,900,plant derivative
sweet_basil,901,herb
fruit,643,fruit
coffee_flower,903,flower
fumaria_officinalis,904,plant
russian_peppermint_oil,905,plant derivative
pennyroyal_oil,906,plant derivative
japanese_hop,907,cereal/crop
black_tea,908,plant derivative
narcissus,909,flower
mountain_papaya,910,fruit
juniperus_sabina,911,plant
orange_flower,912,flower
myrocarpus_frondosus,913,plant
smoked_pork_belly,914,meat
scallion,915,vegetable
melaleuca_trichostachya_oil,916,plant derivative
wintergreen_oil,917,plant derivative
banana,918,fruit
rhodotorula_glutinis,649,plant
dried_parsley,920,herb
beechwood_tar,921,plant derivative
lavandin_oil,922,plant derivative
gruyere_cheese,923,dairy
blackberry_brandy,924,alcoholic beverage
haddock,925,fish/seafood
trametes_graveolens,926,plant
piper_chaba,927,herb
onion_juice,928,vegetable
kiwi,929,fruit
mutton,586,meat
horseradish_oil,1006,plant derivative
corn_grit,931,cereal/crop
stirlingia_latifolia,932,plant
lavandin,933,flower
sherry,934,alcoholic beverage
roasted_green_tea,935,plant derivative
zucchini,1080,vegetable
litsea_zeylanica,937,plant
nepeta_japonica,938,plant
cognac_oil,939,plant derivative
salmon,940,fish/seafood
russian_champagne,941,alcoholic beverage
cigarette,942,plant derivative
mace,943,spice
oyster,944,fish/seafood
soybean_oil,945,plant derivative
raspberry_brandy,946,alcoholic beverage
tuber,947,plant
rancid_coconut_oil,948,plant derivative
brewed_tea,949,plant derivative
roasted_onion,950,vegetable
cumin_fruit_oil,951,plant derivative
thuja_plicata,952,plant
roselle,953,herb
ceylon_cinnamon,954,spice
japanese_star_anise,955,spice
backhousia_citriodora_oil,956,plant derivative
eucalyptus_goniocalyx,957,plant
fried_beef,958,meat
oak_tar_oil,959,plant derivative
larix_deciduas,960,plant
cupressus_lusitanica,961,plant
japanese_whiskey,962,alcoholic beverage
ashanti_pepper,963,spice
saigon_cinnamon,964,spice
long_pepper,965,spice
orthodon_methylisoeugenoliferum_oil,966,plant derivative
roasted_malt,967,cereal/crop
calytrix_tetragona,968,plant
mastic_gum,1291,plant derivative
lemon_eucalyptus,970,herb
psilocaulon_absimile,971,plant
honduras_peru_balsam,1295,plant derivative
onion_oil,973,plant derivative
cloudberry_oil,974,plant derivative
polianthes_tuberosa_oil,975,plant derivative
sweet_grass_oil,1429,plant derivative
mint_oil,977,plant derivative
cymbopogon_citralis_oil,978,plant derivative
ambrette_seed,979,plant
orthodon_methylisoeugenoliferum,980,plant
american_cranberry,981,fruit
chenopodium,982,plant
elderberry,983,fruit
sperm_whale_oil,984,fish/seafood
citrus_oil,985,plant derivative
champaca,986,flower
jerusalem_artichoke,1434,vegetable
eucalyptus_citridora,988,plant
ligusticum_acutilobum,989,plant
pennyroyal,990,herb
bergamot_peel_oil,991,plant derivative
cubeb,992,spice
east_indian_geranium,993,flower
blue_cheese,994,dairy
geraniaceae,995,plant
asarum_arifolium_root_oil,996,plant derivative
silk_fibrooin,997,animal product
olive_oil,998,plant derivative
kencur_oil,999,plant derivative
scallop,1000,fish/seafood
pear_brandy,1001,alcoholic beverage
picea_balsamea_oil,1002,plant derivative
provolone_cheese,1003,dairy
monarda_citriodora_oil,664,plant derivative
abies_sibirica,1005,plant
artemisia_ferganensis,930,plant
red_algae,1007,vegetable
buttermilk,1008,dairy
palm_fruit,1009,fruit
vietnamese_black_tea,1010,plant derivative
micromeria_abyssinica,1011,plant
tangerine_peel_oil,1189,plant derivative
wild_bergamot_oil,212,spice
burley_tobacco,1014,plant derivative
liver,1015,meat
wild_bergamot,1016,flower
picea_canadensis,1017,plant
feronia_elephantum,1018,fruit
petitgrain_bigarade,1019,plant derivative
cabernet_sauvignon_grape,1020,fruit
capsicum,1021,plant
potato_chip,1022,vegetable
carnation_oil,1023,plant derivative
oriental_storax,1024,plant derivative
houttuynia_cordata_oil,670,plant derivative
black_currant,1026,fruit
french_bean,1027,vegetable
smoked_fatty_fish,1028,fish/seafood
origanum_oil,1029,plant derivative
scotch_spearmint,1030,herb
populus_balsamifera,1031,plant
fruit_juice,1032,fruit
mandarin_oil,1033,plant derivative
ewe,1034,meat
chicory,1035,vegetable
cayenne_bois_de_rose,1036,plant
california_laurel_oil,1037,plant derivative
chinese_quince_peel,1038,plant
andropogon_gragrans,1040,plant
cabbage_juice,1041,vegetable
baeckea_citriodora,1042,plant
fried_cured_pork,1043,meat
cucumber,1044,vegetable
pimento,1045,spice
pimenta,1046,spice
cruciferae_seed,1443,plant
sumac,1048,spice
mentha_aquatica,1049,herb
feces,1050,animal product
oak_musk,1051,plant derivative
crayfish,1052,fish/seafood
sauvignon_blanc_grape,1053,fruit
roasted_pork,1054,meat
unprocessed_rice,1055,cereal/crop
andropogon_jwarancusa,1056,plant
atropa_belladonna_leaf,1057,plant
barosma_crenulata,1058,plant
orthodon_linalooliferum,673,plant
horseradish,1060,plant derivative
roasted_shrimp,1061,fish/seafood
kumquat,1062,fruit
holy_basil,1063,herb
chinese_quince,1064,fruit
asperula_odorosa,1065,plant
callitris_drummondii,1066,plant
peru_balsam,1067,plant derivative
muscat_grape_juice,1068,fruit
beet_root,1069,vegetable
thymus_caespeititius,1070,plant
jackfruit,1071,fruit
oxidized_skim_milk,1072,dairy
cooked_apple,1073,fruit
german_chamomile_oil,1074,plant derivative
ceylon_tea_citronella_oil,1075,plant derivative
demon_red,1076,spice
eel,328,fish/seafood
caraway_seed,1078,spice
abies_balsamea_oil,1079,plant derivative
scotch_whiskey,936,alcoholic beverage
pilchard,1081,fish/seafood
horse_mackerel,1082,fish/seafood
palm,1083,plant
salvia_grandifiora_oil,1084,plant derivative
beef_tallow,1085,meat
lard,1086,animal product
ananas_sativus,1087,plant
pea,1088,vegetable
rum,1089,alcoholic beverage
jaborandi_leaf_oil,1090,plant derivative
rue,1091,herb
raw_peanut,1092,nut/seed/pulse
corn_mint_oil,1093,plant derivative
raspberry,1094,fruit
pelargonium,1095,flower
smoked_salmon,1096,fish/seafood
acacia_farnesiana,1097,plant
oatmeal,1098,cereal/crop
rhododendron_fauriae_leaf,1099,plant
turkmenistan_sunguli_oil,478,plant derivative
chamomile_oil,1101,plant derivative
israeli_orange,1102,fruit
pine_oil,1103,plant derivative
japanese_peppermint_oil,1104,plant derivative
thaumatococcus_daniellii,1105,plant
melilotus_officinalis_flower,1106,flower
french_fried_potato,1107,vegetable
cinnamomum_oliveri_leaf,1108,plant
parsnip,1297,vegetable
pelargonium_tomentosum,1110,flower
atropa_belladonna_root,1111,plant
creosote,1112,plant derivative
vegetable_oil,1113,plant derivative
green_bell_pepper,1114,vegetable
beef_liver,1115,meat
banana_passion_fruit,1116,fruit
cream_cheese,1117,dairy
oat_groat,1118,cereal/crop
jonquil_oil,1119,plant derivative
apricot,1120,fruit
peppermint,1121,herb
cassia_oil,1122,plant derivative
sea_algae,1123,vegetable
pinus_avium_fruit,1124,fruit
dill,1125,herb
bay_laurel,1126,herb
rotundifolia,1127,plant
rose_wine,1128,alcoholic beverage
cardamom_oil,1129,plant derivative
sandalwood,1130,plant
satsuma,1131,fruit
lemon,1132,fruit
peach,1133,fruit
saffron,1134,spice
ananas_sativus_oil,1135,plant derivative
pinto_bean,1136,vegetable
callitris_intratropica,1137,plant
labiatae,1138,plant
eucalyptus_radiata_oil,1139,plant derivative
mustard,1140,plant derivative
kaffir_lime,1141,fruit
gardenia,1142,flower
strawberry_juice,1143,fruit
cistus_labdanum,1144,plant
cuttlefish,1145,fish/seafood
abies_sibirica_oil,1146,plant derivative
clove_oil,1147,plant derivative
emmental_cheese,1148,dairy
guarana,1149,plant derivative
juniper_oil,1150,plant derivative
pinus_punulio,1151,plant
wheat_bread,1152,cereal/crop
cured_ham,1153,meat
artemisia_dracunculus_oil,1154,plant derivative
melaleuca_paucifiora_oil,1155,plant derivative
callitris_gracilis,1156,plant
cabernet_sauvignon_wine,1157,alcoholic beverage
bulgarian_tobacco,1158,plant derivative
hog_plum,1159,fruit
peanut,1160,nut/seed/pulse
geranium,1161,flower
dried_kidney_bean,1162,vegetable
schizandra_nigra_oil,1163,plant derivative
toasted_oat_groat,1164,cereal/crop
sage,194,herb
cinnamomum_kanahirain,1166,plant
wheat_bran,1168,cereal/crop
curcuma,1169,spice
smoked_fish,861,fish/seafood
cinnamomum_oil,1171,plant derivative
oxystigma_buccholtzii_flower,1172,flower
fruit_brandy,1173,alcoholic beverage
asparagus,1174,vegetable
artemisia_herba_alba,1175,plant
japanese_star_anise_oil,1176,plant derivative
artemisia_brevifolia,1177,plant
myrtleberry,1178,fruit
wheat,1179,cereal/crop
gastrochilus_pandurata_oil,1180,plant derivative
grape_must,1181,fruit
tarragon,1182,herb
soy_sauce,1183,plant derivative
mentha_timija,1184,herb
oxidized_lard,1473,animal product
southern_pea,1187,vegetable
rosaceae,1188,plant
vinegar,1012,plant derivative
mammee,1214,fruit
rhus_glabra,1191,plant
tea_leaf_oil,1192,plant derivative
wood_tar,1039,plant derivative
popcorn,1194,cereal/crop
mussel,1195,fish/seafood
peppermint_oil,1196,plant derivative
apple,1197,fruit
echinacea,201,flower
lime,1199,fruit
robinia_pseudoacacia_oil,1200,plant derivative
rutabaga,1201,vegetable
eucalyptus_australianavar_oil,1202,plant derivative
liatris_odoratissima,1203,plant
crab,1204,fish/seafood
alpinia_malaccensis_oil,1205,plant derivative
raw_fish,1206,fish/seafood
thuja_standishii,1207,plant
tangerine,1208,fruit
citrus_juice,1209,fruit
french_marigold_oil,1210,plant derivative
bitter_almond_oil,1211,plant derivative
cayenne_rosewood,691,plant
lamb_liver,1213,meat
raw_soybean_oil,1190,plant derivative
myrcia_acris,1215,plant
carrot,1216,vegetable
bystropogon_mollis_leaf_oil,1217,plant derivative
callitris,1218,plant
roasted_barley,1219,cereal/crop
tuberose,1220,flower
lamb,1221,meat
violet_leaf_oil,1222,plant derivative
wood_apple,1223,fruit
rhubarb,1224,vegetable
custard_apple,1225,fruit
russian_cheese,1226,dairy
animal,1227,animal product
pelargonium_capitaux,1228,flower
angelica_root,1229,plant
darwinia_grandiflora_oil,1230,plant derivative
persea_gratissima_peel,1231,plant
kohlrabi,1232,vegetable
cardamom,1233,spice
rhodophyllus_icterus,1234,plant
mozzarella_cheese,1235,dairy
rye_ergot,1236,plant
cabbage,1237,vegetable
pork_sausage,1238,meat
armenian_muscat_grape_oil,1239,plant derivative
tomato,1240,vegetable
violet_root,1241,plant derivative
nance,1242,fruit
ylangylang,1243,flower
ocimum_viride,1244,plant
fatty_fish,1245,fish/seafood
magnolia_grandiflora,1246,flower
tobacco_flower,1247,flower
kumazasa,1248,plant
acacia_dealbata,1249,plant
peanut_oil,1250,plant derivative
artichoke,1251,vegetable
ocimum_gratissimum,1252,plant
litsea_odorifera_oil,1253,plant derivative
pawpaw,1254,fruit
walnut,1255,nut/seed/pulse
japanese_ho_leaf_oil,1256,plant derivative
orange,1257,fruit
roasted_pecan,1258,nut/seed/pulse
abies_alba_pine_needle,1259,plant
callitris_rubusta,1260,plant
citrus,1261,fruit
artemisia_frigida_oil,1262,plant derivative
orthodon,1263,plant
roman_chamomile_oil,1264,plant derivative
jasminum_odoratissimum_oil,1265,plant derivative
ormenis_mixta_oil,1266,plant
coriander,1267,spice
ptychotis_ajowan_seed_oil,1268,plant derivative
cider,1269,alcoholic beverage
araucaria_cunninghamii,1270,plant
malagueta_pepper,618,spice
grilled_pork,1271,meat
ambrette,1272,plant derivative
ceylon_citronella,1273,plant
lilac,1274,flower
litsea_cubeba_oil,1275,plant derivative
lentil,1276,nut/seed/pulse
pinanona,1277,fruit
whole_grain_wheat_flour,1278,cereal/crop
luraceae_oil,1279,plant derivative
mate,1280,plant derivative
barley,1281,cereal/crop
pepino_melon,1282,fruit
sparkling_wine,1283,alcoholic beverage
jasmine_tea,25,plant derivative
pinus_sabiniana,1285,plant
caesalpinia_spinosa,1286,plant
monarda_punctata_oil,1287,plant derivative
agathosma_gnidioides_leaf_oil,1288,plant derivative
wild_raspberry,1289,fruit
angelica_seed,1290,plant
coprosma_foetidissima_leaf,969,plant
bell_pepper,1292,vegetable
artemisia_santolinifolia_oil,1293,plant derivative
tahiti_vanilla,81,spice
kaempferia_ethel_bulb_oil,972,plant derivative
rooibus_tea,1296,plant derivative
romano_cheese,1298,dairy
beech_tar_creosote,1299,plant derivative
eryngium_facidum,1300,plant
lemon_flower,1301,flower
java_citronella_oil,1302,plant derivative
alcoholic_beverage,1303,alcoholic beverage
sapodilla_fruit,1304,fruit
chinese_cabbage,1109,vegetable
shallot,1305,vegetable
heracleum_candicans_oil,171,plant derivative
udo,1307,herb
kola_nut,1308,nut/seed/pulse
rum_brandy,1309,alcoholic beverage
prune,1310,fruit
myrtus_communis,222,herb
safflower_seed,1312,plant
camphor_oil,1313,plant derivative
cowberry,1314,fruit
melaleuca_bracteata_leaf,1315,plant
bilberry,1316,fruit
uncured_pork,1317,meat
betel,1318,plant
raw_radish,1319,vegetable
clove,1320,spice
hoary_basil,1321,herb
bone_oil,1322,animal product
thymbra_spicata_oil,1323,plant derivative
ginger_grass,1324,plant
chestnut_flower,1325,flower
trifolium_incarnatum,1326,plant
rose_hip,1327,fruit
vervain,1328,herb
salmon_oil,1329,fish/seafood
raw_potato,1330,vegetable
russian_anise,1331,spice
eucalyptus_bakeries_oil,1332,plant derivative
jasminum_grandiflorum_oil,1333,plant derivative
matsutake,1334,vegetable
tolu_balsam,1335,plant derivative
seaweed,1336,fish/seafood
sour_cherry,1337,fruit
chicken,1338,meat
rhus_typhia,1339,plant
california_lemon_oil,1340,plant derivative
alpinia_sessilis,1341,plant
artemisae_oil,1342,plant derivative
bog_blueberry,1343,fruit
starch,1344,plant derivative
raw_turkey,1345,meat
welsh_onion,1346,vegetable
piper_lowong,1347,herb
bean,1348,vegetable
picea_rubens,1349,plant
plum_wine,1350,alcoholic beverage
bourbon_whiskey,1351,alcoholic beverage
chicory_root,1352,vegetable
tobacco,1353,plant derivative
sea_bass,1354,fish/seafood
rosemary_oil,1355,plant derivative
nutmeg,1356,spice
phellodendron_amurense_fruit,1358,fruit
baeckea_citriodora_oil,1359,plant derivative
cupressaceae,1360,plant
apple_juice,1361,fruit
violet,547,flower
roasted_spanish_peanut,1363,nut/seed/pulse
rose_flower_oil,1364,plant derivative
furcraea_gigantean_flower_oil,1365,plant derivative
caprifoliaceae,1366,plant
japanese_plum,1508,fruit
wheat_flake,1368,cereal/crop
uncured_smoked_pork,580,meat
cauliflower,1370,vegetable
finnish_pine_oil,1371,plant derivative
sassafras,1372,plant derivative
prickly_pear,1373,fruit
guinea_pepper,1374,spice
black_raspberry,1375,fruit
picea_alba_oil,1376,plant derivative
grain,1377,cereal/crop
split_pea,1378,vegetable
marjoram,1379,herb
tobacco_leaf_oil,672,plant derivative
litsea_cubeba,1381,plant
oregano,1382,herb
parsnip_fruit,1383,vegetable
anise_seed_oil,1384,plant derivative
rhizopus,1385,plant
valerian_root_oil,1386,plant derivative
neroli_oil,1387,plant derivative
arnica_montana,1388,plant
tangerine_juice,1389,fruit
yam,705,vegetable
verbenaceae,1391,plant
abies_alba,1392,plant
hyacinth,1393,flower
cypress,1394,plant
fennel_oil,1395,plant derivative
wood,1396,plant
satureia_montana,1397,plant
liquidambar_orientalis_storax,1398,plant derivative
vanilla,1399,spice
raw_leek,1400,vegetable
thaumatococcus_daniellii_fruit,1186,fruit
chokeberry,1402,fruit
pork_liver,1403,meat
salvia_triloba_oil,1404,plant derivative
grapefruit_peel_oil,1405,plant derivative
ambrette_seed_oil,812,plant derivative
squid,1407,fish/seafood
wild_marjoram,1408,herb
israeli_orange_oil,1409,plant derivative
roasted_filbert,1410,nut/seed/pulse
aristolochia_clematitis,1411,plant
sesame_seed,1412,nut/seed/pulse
laurel_leaf,1413,plant
guinea_orange_oil,1414,plant derivative
fenugreek,1415,herb
balm,1416,herb
lilium_candidum_flower,1417,flower
black_currant_bud,1418,plant
french_peppermint,1419,herb
whale,1420,fish/seafood
broccoli,1421,vegetable
feta_cheese,1422,dairy
water_apple,1423,fruit
crowberry,1424,fruit
camphor,1425,plant derivative
hatsutake,1426,vegetable
texas_sage,1427,herb
white_wine,1428,alcoholic beverage
laurel,976,plant
cymbopogon_sennaarensis,1430,plant
pinaceae,1431,plant
azalea,1432,flower
magnolia_fuscata,1433,flower
violet_flower,987,flower
roasted_coconut,1521,nut/seed/pulse
nira,1436,vegetable
daffodil_flower,1437,flower
malay_apple,1438,fruit
peated_malt,1439,plant derivative
berry_juice,1440,fruit
weinbrand,1441,alcoholic beverage
cayenne_linaloe,1442,plant derivative
almond_flower,1047,flower
raw_fatty_fish,1444,fish/seafood
black_currant_juice,1445,fruit
lovage,1446,herb
onion,1447,vegetable
mindanaese_cinnamomum_oil,1448,plant derivative
star_anise,1523,spice
lippia_scaberrima,1449,plant
rhus_coriaria,1450,spice
strawberry_wine,1451,alcoholic beverage
silkworm_chrysalis,1452,animal product
pinus_jeffreyi_leaf_oil,1453,plant derivative
ceylon_tea_oil,1454,plant derivative
wheaten_bread,1455,cereal/crop
andropogon_intermedius,1456,plant
blumea_eriantha_oil,1457,plant derivative
jasminum_grandiflorum,1458,flower
achillea_millefolium,1459,plant
thuja_occidentalis_oil,1460,plant derivative
lime_oil,1461,plant derivative
orthodon_asaroniferum_oil,1462,plant derivative
barosma_venustum,1463,plant
lippia_carviodora,1464,plant
leaf,1465,plant
melaleuca_viridiflora,1466,plant
parsnip_root,1467,plant
neroli_bigarade,1468,plant derivative
truffle,1469,vegetable
thymus_oil,1470,plant derivative
pepper,1471,spice
rangpur,1472,fruit
coal_tar,1185,plant derivative
champagne_wine,1474,alcoholic beverage
roasted_chicken,1475,meat
pike,1476,fish/seafood
ambergris_oil,1477,plant derivative
black_bean,1478,vegetable
ocotea_usambarensis_oil,1479,plant derivative
passiflora_edulis,1480,fruit
cranberry,1481,fruit
mandarin_peel,1482,plant
citron,1483,herb
spanish_anise,1484,spice
green_tea,1527,plant derivative
vitis_labrusca_oil,1486,plant derivative
plumcot,1487,fruit
cocoa,1488,plant derivative
dill_blossom,1489,plant
monkey_orange,739,fruit
spirea_ulmaria_oil,1490,plant derivative
maize,1491,cereal/crop
ruta_montana_oil,1492,plant derivative
rosa_rugosa,1493,flower
caviar,1494,fish/seafood
beer,1495,alcoholic beverage
elderberry_fruit,1284,fruit
rose_apple,1496,fruit
sturgeon_caviar,1497,fish/seafood
bitter_almond,1498,nut/seed/pulse
valerian,1499,herb
algerian_geranium_oil,1500,plant derivative
thymus_mastichina,1501,plant
citrus_flower_oil,1502,plant derivative
lime_peel_oil,1503,plant derivative
artemisia,1504,plant
compositae,1505,plant
daffodil,1506,flower
valeriana_officinalis,1507,herb
orris_oil,1367,plant derivative
origanum_floribundum,1509,herb
persea_pubescens,1510,plant
condiment,1511,plant derivative
lilac_flower_oil,1512,plant derivative
white_currant_juice,1513,fruit
pouching_tea,1514,plant derivative
raw_cabbage,1515,vegetable
boiled_mutton,1516,meat
filipendula_ulmaria_flower,1517,flower
cascarilla,1518,plant
cashew,1519,nut/seed/pulse
rue_oil,1520,plant derivative
oat,1435,cereal/crop
cajeput_oil,1522,plant derivative
fermented_shrimp,1013,fish/seafood
feijoa,1524,fruit
tobacco_oil,1525,plant derivative
cinnamon_leaf,1526,plant
chempedak,1485,fruit
artemisia_porrecta_oil,1528,plant derivative
munster_cheese,1529,dairy
